date,commits
2025-01-01,5
2025-01-02,8
2025-01-03,12
2025-01-04,3
2025-01-05,9
2025-01-06,15
2025-01-07,22
2025-01-08,18
2025-01-09,25
2025-01-10,30
2025-01-11,8
2025-01-12,11
2025-01-13,14
2025-01-14,19
2025-01-15,23
2025-01-16,28
2025-01-17,31
2025-01-18,7
2025-01-19,11.5
2025-01-20,16
2025-01-21,21
2025-01-22,26
2025-01-23,29
2025-01-24,33
2025-01-25,9
2025-01-26,13
2025-01-27,17
2025-01-28,20
2025-01-29,24
2025-01-30,27
2025-01-31,32
2025-02-01,10
2025-02-02,14
2025-02-03,18
2025-02-04,22
2025-02-05,25
2025-02-06,28
2025-02-07,30
2025-02-08,11
2025-02-09,15
2025-02-10,19
2025-02-11,23
2025-02-12,26
2025-02-13,29
2025-02-14,31
2025-02-15,12
2025-02-16,16
2025-02-17,20
2025-02-18,24
2025-02-19,27
2025-02-20,30
2025-02-21,32
2025-02-22,13
2025-02-23,17
2025-02-24,21
2025-02-25,25
2025-02-26,28
2025-02-27,31
2025-02-28,33
2025-03-01,14
2025-03-02,18
2025-03-03,22
2025-03-04,26
2025-03-05,29
2025-03-06,32
2025-03-07,34
2025-03-08,15
2025-03-09,19
2025-03-10,23
2025-03-11,27
2025-03-12,30
2025-03-13,33
2025-03-14,35
2025-03-15,16
2025-03-16,20
2025-03-17,24
2025-03-18,28
2025-03-19,31
2025-03-20,34
2025-03-21,36
2025-03-22,17
2025-03-23,21
2025-03-24,25
2025-03-25,29
2025-03-26,32
2025-03-27,35
2025-03-28,37
2025-03-29,18
2025-03-30,22
2025-03-31,26
2025-04-01,19
2025-04-02,27
2025-04-03,30
2025-04-04,33
2025-04-05,20
2025-04-06,24
2025-04-07,28
2025-04-08,31
2025-04-09,34
2025-04-10,36
2025-04-11,38
2025-04-12,21
2025-04-13,25
2025-04-14,29
2025-04-15,32
2025-04-16,35
2025-04-17,37
2025-04-18,39
2025-04-19,22
2025-04-20,26
2025-04-21,30
2025-04-22,33
2025-04-23,36
2025-04-24,38
2025-04-25,40
2025-04-26,23
2025-04-27,27
2025-04-28,31
2025-04-29,34
2025-04-30,37
2025-05-01,24
2025-05-02,32
2025-05-03,25
2025-05-04,29
2025-05-05,33
2025-05-06,35
2025-05-07,38
2025-05-08,40
2025-05-09,42
2025-05-10,26
2025-05-11,30
2025-05-12,34
2025-05-13,36
2025-05-14,39
2025-05-15,41
2025-05-16,43
2025-05-17,27
2025-05-18,31
2025-05-19,35
2025-05-20,37
2025-05-21,40
2025-05-22,42
2025-05-23,44
2025-05-24,28
2025-05-25,32
2025-05-26,36
2025-05-27,38
2025-05-28,41
2025-05-29,43
2025-05-30,45
2025-05-31,29
2025-06-01,33
2025-06-02,37
2025-06-03,39
2025-06-04,42
2025-06-05,44
2025-06-06,46
2025-06-07,30
2025-06-08,34
2025-06-09,38
2025-06-10,40
2025-06-11,43
2025-06-12,45
2025-06-13,47
2025-06-14,31
2025-06-15,35
2025-06-16,39
2025-06-17,41
2025-06-18,44
2025-06-19,46
2025-06-20,48
2025-06-21,32
2025-06-22,36
2025-06-23,40
2025-06-24,42
2025-06-25,45
2025-06-26,47
2025-06-27,49
2025-06-28,33
2025-06-29,37
2025-06-30,41
2025-07-01,34
2025-07-02,43
2025-07-03,46
2025-07-04,48
2025-07-05,35
2025-07-06,39.5
2025-07-07,44
2025-07-08,47
2025-07-09,49
2025-07-10,50
2025-07-11,51
2025-07-12,36
2025-07-13,40.5
2025-07-14,45
2025-07-15,48
2025-07-16,50
2025-07-17,52
2025-07-18,53
2025-07-19,37
2025-07-20,41.5
2025-07-21,46
2025-07-22,49
2025-07-23,51
2025-07-24,53
2025-07-25,54
2025-07-26,38
2025-07-27,42.5
2025-07-28,47
2025-07-29,50
2025-07-30,52
2025-07-31,54
2025-08-01,39
2025-08-02,48
2025-08-03,49.5
2025-08-04,51
2025-08-05,53
2025-08-06,55
2025-08-07,56
2025-08-08,40
2025-08-09,49
2025-08-10,50.5
2025-08-11,52
2025-08-12,54
2025-08-13,56
2025-08-14,57
2025-08-15,41
2025-08-16,50
2025-08-17,51.5
2025-08-18,53
2025-08-19,55
2025-08-20,57
2025-08-21,58
2025-08-22,42
2025-08-23,51
2025-08-24,52.5
2025-08-25,54
2025-08-26,56
2025-08-27,58
2025-08-28,59
2025-08-29,43
2025-08-30,52
2025-08-31,53.5
2025-09-01,55
2025-09-02,57
2025-09-03,59
2025-09-04,44
2025-09-05,53
2025-09-06,56
2025-09-07,57
2025-09-08,58
2025-09-09,60
2025-09-10,61
2025-09-11,45
2025-09-12,54
2025-09-13,57
2025-09-14,58
2025-09-15,59
2025-09-16,61
2025-09-17,62
2025-09-18,46
2025-09-19,55
2025-09-20,58
2025-09-21,59
2025-09-22,60
2025-09-23,62
2025-09-24,63
2025-09-25,47
2025-09-26,56
2025-09-27,59
2025-09-28,60
2025-09-29,61
2025-09-30,63
2025-10-01,48
2025-10-02,57
2025-10-03,60
2025-10-04,62
2025-10-05,63
2025-10-06,64
2025-10-07,65
2025-10-08,49
2025-10-09,58
2025-10-10,61
2025-10-11,63
2025-10-12,64
2025-10-13,65
2025-10-14,66
2025-10-15,50
2025-10-16,59
2025-10-17,62
2025-10-18,64
2025-10-19,65
2025-10-20,66
2025-10-21,67
2025-10-22,51
2025-10-23,60
2025-10-24,63
2025-10-25,65
2025-10-26,66
2025-10-27,67
2025-10-28,68
2025-10-29,52
2025-10-30,61
2025-10-31,64
2025-11-01,53
2025-11-02,59.5
2025-11-03,66
2025-11-04,68
2025-11-05,69
2025-11-06,54
2025-11-07,62
2025-11-08,65
2025-11-09,66
2025-11-10,67
2025-11-11,69
2025-11-12,70
2025-11-13,55
2025-11-14,63
2025-11-15,66
2025-11-16,67
2025-11-17,68
2025-11-18,70
2025-11-19,71
2025-11-20,56
2025-11-21,64
2025-11-22,67
2025-11-23,68
2025-11-24,69
2025-11-25,71
2025-11-26,72
2025-11-27,57
2025-11-28,65
2025-11-29,68
2025-11-30,69
2025-12-01,70
2025-12-02,72
2025-12-03,58
2025-12-04,66
2025-12-05,69
2025-12-06,71
2025-12-07,72
2025-12-08,73
2025-12-09,74
2025-12-10,59
2025-12-11,67
2025-12-12,70
2025-12-13,72
2025-12-14,73
2025-12-15,74
2025-12-16,75
2025-12-17,60
2025-12-18,68
2025-12-19,71
2025-12-20,73
2025-12-21,74
2025-12-22,75
2025-12-23,76
2025-12-24,61
2025-12-25,69
2025-12-26,72
2025-12-27,74
2025-12-28,75
2025-12-29,76
2025-12-30,77
2025-12-31,62
